{
	"qp":{
		"bounds":{
			"lower":[0,0,0,0,0,0,0,0,0],
			"upper":[1,1,1,1,1,1,1,1,1]
		},
		"constraints":{
			"lower":[1,0,0,0,0,0,0,0,0,0,0,0,0,0,0,0,0,0,0,0,0,0,0,0,0,0,0,0,0,0,0,0,0,0,0,0,0,0,0,0,0,0,0,0,0,0,0,0,0,0,0,0,0,0,0,0,0,0,0,0,0,0,0,0,0,0,0,0,0,0,0,0,0,0,0,0,0,0,0,0,0,0,0,0,0,0,0,0,0,0,0,0,0,0,0,0,0,0,0,0,0,0,0,0,0,0,0,0,0,0,0,0,0,0,0,0,0,0,0,0,0,0,0,0,0,0,0,0,0,0,0,0,0,0,0,0,0,0,0,0,0,0,0,0,0,0,0,0,0,0,0,0,0,0,0,0,0,0,0,0,0,0,0,0,0,0,0,0,0,0,0,0,0,0,0,0,0,0,0,0,0,0,0,0,0,0,0,0,0,0,0,0,0,0,0,0,0,0,0,0,0,0,0,0,0,0,0,0,0,0,0,0,0,-10099.551569506726082,0],
			"upper":[1,10004.48430493273554,10004.932735426009458,10005.381165919283376,10005.829596412557294,10006.278026905831211,10006.726457399101491,10007.174887892375409,10007.623318385649327,10008.071748878923245,10008.520179372197163,10008.96860986547108,10009.417040358743179,10009.865470852017097,10010.313901345291015,10010.762331838564933,10011.210762331838851,10011.659192825112768,10012.107623318384867,10012.556053811658785,10013.004484304932703,10013.452914798206621,10013.901345291480538,10014.349775784754456,10014.798206278026555,10015.246636771300473,10015.695067264574391,10016.143497757848309,10016.591928251122226,10017.040358744396144,10017.488789237668243,10017.937219730942161,10018.385650224216079,10018.834080717489996,10019.282511210763914,10019.730941704034194,10020.179372197308112,10020.62780269058203,10021.076233183855948,10021.524663677129865,10021.973094170403783,10022.421524663675882,10022.8699551569498,10023.318385650223718,10023.766816143497635,10024.215246636771553,10024.663677130045471,10025.11210762331757,10025.560538116591488,10026.008968609865406,10026.457399103139323,10026.905829596413241,10027.354260089687159,10027.802690582959258,10028.251121076233176,10028.699551569507094,10029.147982062781011,10029.596412556054929,10030.044843049328847,10030.493273542599127,10030.941704035873045,10031.390134529146962,10031.83856502242088,10032.286995515694798,10032.735426008968716,10033.183856502240815,10033.632286995514733,10034.08071748878865,10034.529147982062568,10034.977578475336486,10035.426008968610404,10035.874439461882503,10036.32286995515642,10036.771300448430338,10037.219730941704256,10037.668161434978174,10038.116591928250273,10038.565022421524191,10039.013452914798108,10039.461883408072026,10039.910313901345944,10040.358744394619862,10040.807174887891961,10041.255605381165878,10041.704035874439796,10042.152466367713714,10042.600896860987632,10043.04932735426155,10043.49775784753183,10043.946188340805747,10044.394618834079665,10044.843049327353583,10045.291479820627501,10045.739910313901419,10046.188340807173518,10046.636771300447435,10047.085201793721353,10047.533632286995271,10047.982062780269189,10048.430493273543107,10048.878923766815205,10049.327354260089123,10049.775784753363041,10050.224215246636959,10050.672645739910877,10051.121076233184795,10051.569506726456893,10052.017937219730811,10052.466367713004729,10052.914798206278647,10053.363228699552565,10053.811659192826482,10054.260089686098581,10054.708520179372499,10055.156950672646417,10055.605381165920335,10056.053811659194253,10056.50224215246817,10056.95067264573845,10057.399103139012368,10057.847533632286286,10058.295964125560204,10058.744394618834122,10059.19282511210622,10059.641255605380138,10060.089686098654056,10060.538116591927974,10060.986547085201892,10061.434977578475809,10061.883408071747908,10062.331838565021826,10062.780269058295744,10063.228699551569662,10063.67713004484358,10064.125560538117497,10064.573991031389596,10065.022421524663514,10065.470852017937432,10065.91928251121135,10066.367713004485267,10066.816143497759185,10067.264573991031284,10067.713004484305202,10068.16143497757912,10068.609865470853038,10069.058295964126955,10069.506726457400873,10069.955156950671153,10070.403587443945071,10070.852017937218989,10071.300448430492906,10071.748878923766824,10072.197309417040742,10072.645739910312841,10073.094170403586759,10073.542600896860677,10073.991031390134594,10074.439461883408512,10074.88789237668243,10075.336322869954529,10075.784753363228447,10076.233183856502365,10076.681614349776282,10077.1300448430502,10077.578475336322299,10078.026905829596217,10078.475336322870135,10078.923766816144052,10079.37219730941797,10079.820627802691888,10080.269058295963987,10080.717488789237905,10081.165919282511823,10081.61434977578574,10082.062780269059658,10082.511210762333576,10082.959641255603856,10083.408071748877774,10083.856502242151691,10084.304932735425609,10084.753363228699527,10085.201793721973445,10085.650224215245544,10086.098654708519462,10086.547085201793379,10086.995515695067297,10087.443946188341215,10087.892376681615133,10088.340807174887232,10088.789237668161149,10089.237668161435067,10089.686098654708985,10090.134529147982903,10090.582959641256821,10091.03139013452892,10091.479820627802837,10091.928251121076755,10092.376681614350673,10092.825112107624591,10093.273542600898509,10093.721973094168789,10094.170403587442706,10094.618834080716624,10095.067264573990542,10095.51569506726446,10095.964125560536559,10096.412556053810476,10096.860986547084394,10097.309417040358312,10097.75784753363223,10098.206278026906148,10098.654708520178247,10099.103139013452164,0,10100],