{
	"qp":{
		"bounds":{
			"lower":[0,0,0,0,0,0,0],
			"upper":[1,1,1,1,1,1,1]
		},
		"constraints":{
			"lower":[1,0,0,0,0,0,0,0,0,0,0,0,0,0,0,0,0,0,0,0,0,0,0,0,0,0,0,0,0,0,0,0,0,0,0,0,0,0,0,0,0,0,0,0,0,0,0,0,0,0,0,0,0,0,0,0,0,0,0,0,0,0,0,0,0,0,0,0,0,0,0,0,0,0,0,0,0,0,0,0,0,0,0,0,0,0,0,0,0,0,0,0,0,0,0,0,0,0,0,0,0,0,0,0,0,0,0,0,0,0,0,0,0,0,0,0,0,0,0,0,0,0,0,0,0,0,0,0,0,0,0,0,0,0,0,0,0,0,0,0,0,0,0,0,0,0,0,0,0,0,0,0,0,0,0,0,0,0,0,0,0,0,0,0,0,0,0,0,0,0,0,0,0,0,0,0,0,0,0,0,0,0,0,0,0,0,0,0,0,0,0,0,0,0,0,0,0,0,0,0,0,0,0,0,0,0,0,0,0,0,0,0,0,0,0,0,0,0,0,0,0,0,0,0,0,0,0,-10099.574468085105764,0],
			"upper":[1,10003.404255319148433,10003.829787234042669,10004.255319148935087,10004.680851063829323,10005.106382978723559,10005.531914893617795,10005.957446808510213,10006.382978723404449,10006.808510638298685,10007.234042553192921,10007.65957446808352,10008.085106382977756,10008.510638297871992,10008.936170212766228,10009.361702127658646,10009.787234042552882,10010.212765957447118,10010.638297872341354,10011.063829787233772,10011.489361702128008,10011.914893617022244,10012.34042553191648,10012.765957446807079,10013.191489361701315,10013.617021276595551,10014.042553191489787,10014.468085106382205,10014.893617021276441,10015.319148936170677,10015.744680851064913,10016.170212765957331,10016.595744680851567,10017.021276595745803,10017.446808510640039,10017.872340425530638,10018.297872340424874,10018.72340425531911,10019.148936170211527,10019.574468085105764,10020,10020.425531914894236,10020.851063829788473,10021.27659574468089,10021.702127659575126,10022.127659574469362,10022.553191489359961,10022.978723404254197,10023.404255319148433,10023.829787234042669,10024.255319148935087,10024.680851063829323,10025.106382978723559,10025.531914893617795,10025.957446808510213,10026.382978723404449,10026.808510638298685,10027.234042553192921,10027.65957446808352,10028.085106382977756,10028.510638297871992,10028.936170212766228,10029.361702127658646,10029.787234042552882,10030.212765957447118,10030.638297872341354,10031.063829787233772,10031.489361702128008,10031.914893617022244,10032.34042553191648,10032.765957446807079,10033.191489361701315,10033.617021276595551,10034.042553191489787,10034.468085106382205,10034.893617021276441,10035.319148936170677,10035.744680851064913,10036.170212765957331,10036.595744680851567,10037.021276595745803,10037.446808510636401,10037.872340425530638,10038.297872340424874,10038.72340425531911,10039.148936170211527,10039.574468085105764,10040,10040.425531914894236,10040.851063829788473,10041.27659574468089,10041.702127659575126,10042.127659574469362,10042.553191489359961,10042.978723404254197,10043.404255319148433,10043.829787234042669,10044.255319148935087,10044.680851063829323,10045.106382978723559,10045.531914893617795,10045.957446808510213,10046.382978723404449,10046.808510638298685,10047.234042553192921,10047.65957446808352,10048.085106382977756,10048.510638297871992,10048.936170212766228,10049.361702127658646,10049.787234042552882,10050.212765957447118,10050.638297872341354,10051.063829787233772,10051.489361702128008,10051.914893617022244,10052.34042553191648,10052.765957446807079,10053.191489361701315,10053.617021276595551,10054.042553191489787,10054.468085106382205,10054.893617021276441,10055.319148936170677,10055.744680851064913,10056.170212765957331,10056.595744680851567,10057.021276595745803,10057.446808510636401,10057.872340425530638,10058.297872340424874,10058.72340425531911,10059.148936170213346,10059.574468085105764,10060,10060.425531914894236,10060.851063829788473,10061.27659574468089,10061.702127659575126,10062.127659574469362,10062.553191489359961,10062.978723404254197,10063.404255319148433,10063.829787234042669,10064.255319148935087,10064.680851063829323,10065.106382978723559,10065.531914893617795,10065.957446808512032,10066.382978723404449,10066.808510638298685,10067.234042553192921,10067.65957446808352,10068.085106382977756,10068.510638297871992,10068.936170212766228,10069.361702127658646,10069.787234042552882,10070.212765957447118,10070.638297872341354,10071.063829787233772,10071.489361702128008,10071.914893617022244,10072.34042553191648,10072.765957446807079,10073.191489361701315,10073.617021276595551,10074.042553191489787,10074.468085106382205,10074.893617021276441,10075.319148936170677,10075.744680851064913,10076.170212765957331,10076.595744680851567,10077.021276595745803,10077.446808510636401,10077.872340425530638,10078.297872340424874,10078.72340425531911,10079.148936170213346,10079.574468085105764,10080,10080.425531914894236,10080.851063829788473,10081.27659574468089,10081.702127659575126,10082.127659574469362,10082.553191489359961,10082.978723404254197,10083.404255319148433,10083.829787234042669,10084.255319148935087,10084.680851063829323,10085.106382978723559,10085.531914893617795,10085.957446808512032,10086.382978723404449,10086.808510638298685,10087.234042553192921,10087.65957446808352,10088.085106382977756,10088.510638297871992,10088.936170212766228,10089.361702127658646,10089.787234042552882,10090.212765957447118,10090.638297872341354,10091.063829787233772,10091.489361702128008,10091.914893617022244,10092.340425531914661,10092.765957446807079,10093.191489361701315,10093.617021276595551,10094.042553191489787,10094.468085106382205,10094.893617021276441,10095.319148936170677,10095.744680851064913,10096.170212765957331,10096.595744680851567,10097.021276595745803,10097.446808510636401,10097.872340425530638,10098.297872340424874,10098.72340425531911,10099.148936170213346,0,10100],