{
	"qp":{
		"bounds":{
			"lower":[0,0,0,0,0,0,0,0],
			"upper":[1,1,1,1,1,1,1,1]
		},
		"constraints":{
			"lower":[1,0,0,0,0,0,0,0,0,0,0,0,0,0,0,0,0,0,0,0,0,0,0,0,0,0,0,0,0,0,0,0,0,0,0,0,0,0,0,0,0,0,0,0,0,0,0,0,0,0,0,0,0,0,0,0,0,0,0,0,0,0,0,0,0,0,0,0,0,0,0,0,0,0,0,0,0,0,0,0,0,0,0,0,0,0,0,0,0,0,0,0,0,0,0,0,0,0,0,0,0,0,0,0,0,0,0,0,0,0,0,0,0,0,0,0,0,0,0,0,0,0,0,0,0,0,0,0,0,0,0,0,0,0,0,0,0,0,0,0,0,0,0,0,0,0,0,0,0,0,0,0,0,0,0,0,0,0,0,0,0,0,0,0,0,0,0,0,0,0,0,0,0,0,0,0,0,0,0,0,0,0,0,0,0,0,0,0,0,0,0,0,0,0,0,0,0,0,0,0,0,0,0,0,0,0,0,0,0,0,0,0,0,0,0,0,0,0,0,0,0,0,0,0,0,0,0,0,0,0,0,0,0,0,0,0,0,0,0,0,0,0,0,0,0,0,0,0,0,0,0,0,0,0,0,0,0,0,0,0,0,0,0,0,0,0,0,0,0,0,0,0,0,0,0,0,0,0],
			"upper":[1,10003.157894736843446,10003.508771929826253,10003.859649122805422,10004.210526315788229,10004.561403508771036,10004.912280701753843,10005.263157894736651,10005.614035087719458,10005.964912280702265,10006.315789473683253,10006.66666666666606,10007.017543859648868,10007.368421052631675,10007.719298245614482,10008.070175438597289,10008.421052631580096,10008.771929824561084,10009.122807017543892,10009.473684210526699,10009.824561403509506,10010.175438596490494,10010.526315789473301,10010.877192982456108,10011.228070175438916,10011.578947368419904,10011.929824561402711,10012.280701754385518,10012.631578947368325,10012.982456140351132,10013.33333333333394,10013.684210526316747,10014.035087719297735,10014.385964912280542,10014.736842105263349,10015.087719298246157,10015.438596491228964,10015.789473684211771,10016.140350877194578,10016.491228070173747,10016.842105263156554,10017.192982456139362,10017.543859649122169,10017.894736842104976,10018.245614035087783,10018.59649122807059,10018.947368421051578,10019.298245614034386,10019.649122807017193,10020,10020.350877192982807,10020.701754385965614,10021.052631578948422,10021.40350877192941,10021.754385964912217,10022.105263157895024,10022.456140350877831,10022.807017543860638,10023.157894736843446,10023.508771929826253,10023.859649122805422,10024.210526315788229,10024.561403508771036,10024.912280701753843,10025.263157894736651,10025.614035087719458,10025.964912280702265,10026.315789473683253,10026.66666666666606,10027.017543859648868,10027.368421052631675,10027.719298245614482,10028.070175438597289,10028.421052631580096,10028.771929824561084,10029.122807017543892,10029.473684210526699,10029.824561403509506,10030.175438596492313,10030.526315789473301,10030.877192982456108,10031.228070175437097,10031.578947368419904,10031.929824561402711,10032.280701754385518,10032.631578947368325,10032.982456140351132,10033.33333333333394,10033.684210526316747,10034.035087719297735,10034.385964912280542,10034.736842105263349,10035.087719298246157,10035.438596491228964,10035.789473684211771,10036.140350877194578,10036.491228070173747,10036.842105263156554,10037.192982456139362,10037.543859649122169,10037.894736842104976,10038.245614035087783,10038.59649122807059,10038.947368421051578,10039.298245614034386,10039.649122807017193,10040,10040.350877192982807,10040.701754385965614,10041.052631578948422,10041.40350877192941,10041.754385964912217,10042.105263157895024,10042.456140350877831,10042.807017543860638,10043.157894736843446,10043.508771929826253,10043.859649122805422,10044.210526315788229,10044.561403508771036,10044.912280701753843,10045.263157894736651,10045.614035087719458,10045.964912280702265,10046.315789473683253,10046.66666666666606,10047.017543859648868,10047.368421052631675,10047.719298245614482,10048.070175438597289,10048.421052631580096,10048.771929824561084,10049.122807017543892,10049.473684210526699,10049.824561403509506,10050.175438596492313,10050.526315789473301,10050.877192982456108,10051.228070175437097,10051.578947368419904,10051.929824561402711,10052.280701754385518,10052.631578947368325,10052.982456140351132,10053.33333333333394,10053.684210526316747,10054.035087719297735,10054.385964912280542,10054.736842105263349,10055.087719298246157,10055.438596491228964,10055.789473684211771,10056.140350877194578,10056.491228070173747,10056.842105263156554,10057.192982456139362,10057.543859649122169,10057.894736842104976,10058.245614035087783,10058.59649122807059,10058.947368421051578,10059.298245614034386,10059.649122807017193,10060,10060.350877192982807,10060.701754385965614,10061.052631578948422,10061.40350877192941,10061.754385964912217,10062.105263157895024,10062.456140350877831,10062.807017543860638,10063.157894736843446,10063.508771929826253,10063.859649122805422,10064.210526315788229,10064.561403508771036,10064.912280701753843,10065.263157894736651,10065.614035087719458,10065.964912280702265,10066.315789473683253,10066.66666666666606,10067.017543859648868,10067.368421052631675,10067.719298245614482,10068.070175438597289,10068.421052631580096,10068.771929824561084,10069.122807017543892,10069.473684210526699,10069.824561403509506,10070.175438596492313,10070.52631578947512,10070.877192982456108,10071.228070175437097,10071.578947368419904,10071.929824561402711,10072.280701754385518,10072.631578947368325,10072.982456140351132,10073.33333333333394,10073.684210526314928,10074.035087719297735,10074.385964912280542,10074.736842105263349,10075.087719298246157,10075.438596491228964,10075.789473684211771,10076.140350877194578,10076.491228070173747,10076.842105263156554,10077.192982456139362,10077.543859649122169,10077.894736842104976,10078.245614035087783,10078.59649122807059,10078.947368421051578,10079.298245614034386,10079.649122807017193,10080,10080.350877192982807,10080.701754385965614,10081.052631578948422,10081.40350877192941,10081.754385964912217,10082.105263157895024,10082.456140350877831,10082.807017543860638,10083.157894736843446,10083.508771929826253,10083.859649122805422,10084.210526315788229,10084.561403508771036,10084.912280701753843,10085.263157894736651,10085.614035087719458,10085.964912280702265,10086.315789473683253,10086.66666666666606,10087.017543859648868,10087.368421052631675,10087.719298245614482,10088.070175438597289,10088.421052631580096,10088.771929824561084,10089.122807017543892,10089.473684210526699,10089.824561403509506,10090.175438596492313,10090.52631578947512,10090.877192982456108,10091.228070175437097,10091.578947368419904,10091.929824561402711,10092.280701754385518,10092.631578947368325,10092.982456140351132,10093.33333333333394,10093.684210526314928,10094.035087719297735,10094.385964912280542,10094.736842105263349,10095.087719298246157,10095.438596491228964,10095.789473684211771,10096.140350877194578,10096.491228070173747,10096.842105263156554,10097.192982456139362,10097.543859649122169,10097.894736842104976,10098.245614035087783,10098.59649122807059,10098.947368421051578,10099.298245614034386,10099.649122807017193,10100],