{
	"qp":{
		"bounds":{
			"lower":[-10000,-10005.882352941174759,-10011.764705882353155,-10017.647058823529733,-10023.52941176470631,-10029.411764705882888,-10035.294117647057647,-10041.176470588236043,-10047.058823529410802,-10052.941176470589198],
			"upper":[10000,10005.882352941174759,10011.764705882353155,10017.647058823529733,10023.52941176470631,10029.411764705882888,10035.294117647057647,10041.176470588236043,10047.058823529410802,10052.941176470589198]
		},
		"constraints":{
			"lower":[1,1,1,1,1,1,1,1],
			"upper":[1,1,1,1,1,1,1,1],
			"matrix":[
[1,2,3,0,0,0,0,0,0,0],
[0,1,2,3,0,0,0,0,0,0],
[0,0,1,2,3,0,0,0,0,0],
[0,0,0,1,2,3,0,0,0,0],
[0,0,0,0,1,2,3,0,0,0],
[0,0,0,0,0,1,2,3,0,0],
[0,0,0,0,0,0,1,2,3,0],
[0,0,0,0,0,0,0,1,2,3]
			]
		},
		"objective":{
			"vector":[0,0,0,0,0,0,0,0,0,0],
			"positive_definite":false,
			"hessian":[
[2,2,0,0,0,0,0,0,0,0],
[2,4,2,0,0,0,0,0,0,0],
[0,2,4,2,0,0,0,0,0,0],
[0,0,2,4,2,0,0,0,0,0],
[0,0,0,2,4,2,0,0,0,0],
[0,0,0,0,2,4,2,0,0,0],
[0,0,0,0,0,2,4,2,0,0],
[0,0,0,0,0,0,2,4,2,0],
[0,0,0,0,0,0,0,2,4,2],
[0,0,0,0,0,0,0,0,2,2]
			]
		},
		"solution":{
			"vector":[0.16421222513617109162,-0.052047609441194297997,0.31329433124873917738,0.14181964898123861074,0.13435545692959449671,0.19648981238652410419,0.15755497276578581123,0.16280008069396809112,0.17228162194875940028,0.16421222513617109162],
			"value":0.92717369376639102718
		}
	}
}
