{
	"qp":{
		"bounds":{
			"lower":[-10000,-10011.111111111111313,-10022.222222222220807,-10033.33333333333394,-10044.444444444445253],
			"upper":[10000,10011.111111111111313,10022.222222222220807,10033.33333333333394,10044.444444444445253]
		},
		"constraints":{
			"lower":[-5,20,-40,11,-30],
			"upper":[10055.555555555554747,10066.66666666666606,10077.777777777779193,10088.888888888888687,10100],
			"matrix":[
[-1,-1,-1,-1,-1],
[10,10,-3,5,4],
[-8,1,-2,-5,3],
[8,-1,2,5,-3],
[-4,-2,3,-5,1]
			]
		},
		"objective":{
			"vector":[18340,-34198,4542,8672,86],
			"positive_definite":true,
			"hessian":[
[20394,-24908,-2026,3896,658],
[-24908,41818,-3466,-9828,-372],
[-2026,-3466,3510,2178,-348],
[3896,-9828,2178,3030,-44],
[658,-372,-348,-44,54]
			]
		},
		"solution":{
			"vector":[0.99999999996590926976,1.9999999999378090809,-0.99999999998161581694,2.9999999999123239114,-3.9999999999205870793],
			"value":-14463
		}
	}
}
