{
	"qp":{
		"bounds":{
			"lower":[0,0,0],
			"upper":[10000,10033.33333333333394,10066.66666666666606]
		},
		"constraints":{
			"lower":[-3],
			"upper":[10100],
			"matrix":[
[-1,-1,-2]
			]
		},
		"objective":{
			"vector":[-8,-6,-4],
			"positive_definite":true,
			"hessian":[
[4,2,2],
[2,4,0],
[2,0,2]
			]
		},
		"solution":{
			"vector":[1.3333333333333330373,0.77777777777777779011,0.44444444444444447528],
			"value":-8.88888888888889106
		}
	}
}
