{
	"qp":{
		"bounds":{
			"lower":[0,0.5,0],
			"upper":[10000,0.5,10066.66666666666606]
		},
		"constraints":{
			"lower":[-3],
			"upper":[10100],
			"matrix":[
[-1,-1,-2]
			]
		},
		"objective":{
			"vector":[-8,-6,-4],
			"positive_definite":true,
			"hessian":[
[4,2,2],
[2,4,0],
[2,0,2]
			]
		},
		"solution":{
			"vector":[1.5,0.5,0.49999999999999988898],
			"value":-8.75
		}
	}
}
