{
	"qp":{
		"bounds":{
			"lower":[-10000,-10014.285714285713766,-10028.571428571429351,-10042.857142857143117,-10057.142857142858702],
			"upper":[10000,10014.285714285713766,10028.571428571429351,10042.857142857143117,10057.142857142858702]
		},
		"constraints":{
			"lower":[4,0,0],
			"upper":[4,0,0],
			"matrix":[
[1,3,0,0,0],
[0,0,1,1,-2],
[0,1,0,0,-1]
			]
		},
		"objective":{
			"vector":[0,-4,-4,-2,-2],
			"positive_definite":false,
			"hessian":[
[2,-2,0,0,0],
[-2,4,2,0,0],
[0,2,2,0,0],
[0,0,0,2,0],
[0,0,0,0,2]
			]
		},
		"solution":{
			"vector":[0.99999999999999977796,0.99999999999999977796,1,0.99999999999999977796,0.99999999999999977796],
			"value":-6
		}
	}
}
