{
	"qp":{
		"bounds":{
			"lower":[-10000,-10014.285714285713766,-10028.571428571429351,-10042.857142857143117,-10057.142857142858702],
			"upper":[10000,10014.285714285713766,10028.571428571429351,10042.857142857143117,10057.142857142858702]
		},
		"constraints":{
			"lower":[0,0,0],
			"upper":[0,0,0],
			"matrix":[
[1,3,0,0,0],
[0,0,1,1,-2],
[0,1,0,0,-1]
			]
		},
		"objective":{
			"vector":[0,-4,-4,-2,-2],
			"positive_definite":false,
			"hessian":[
[32,-8,0,0,0],
[-8,4,2,0,0],
[0,2,2,0,0],
[0,0,0,2,0],
[0,0,0,0,2]
			]
		},
		"solution":{
			"vector":[-0.094555873925501437993,0.03151862464183381729,0.51575931232091698497,-0.45272206303724921161,0.031518624641833803413],
			"value":-0.67335243553008627959
		}
	}
}
