{
	"qp":{
		"bounds":{
			"lower":[-10,-10,-10,-10,-10],
			"upper":[10,10,10,10,10]
		},
		"constraints":{
			"lower":[0,0,0],
			"upper":[0,0,0],
			"matrix":[
[1,3,0,0,0],
[0,0,1,1,-2],
[0,1,0,0,-1]
			]
		},
		"objective":{
			"vector":[0,-4,-4,-2,-2],
			"positive_definite":false,
			"hessian":[
[2,-2,0,0,0],
[-2,4,2,0,0],
[0,2,2,0,0],
[0,0,0,2,0],
[0,0,0,0,2]
			]
		},
		"solution":{
			"vector":[-0.76744186046511631005,0.25581395348837210335,0.62790697674418605168,-0.11627906976744190048,0.25581395348837210335],
			"value":-1.9069767441860470125
		}
	}
}
