{
	"qp":{
		"bounds":{
			"lower":[0,0,0,0],
			"upper":[10000,10016.666666666667879,10033.33333333333394,10049.999999999998181]
		},
		"constraints":{
			"lower":[-10066.66666666666606,-10083.33333333333394,1.5],
			"upper":[5,4,10100],
			"matrix":[
[1,2,1,1],
[3,1,2,-1],
[0,1,4,0]
			]
		},
		"objective":{
			"vector":[-1,-3,1,-1],
			"positive_definite":true,
			"hessian":[
[2,0,-1,0],
[0,1,0,0],
[-1,0,2,1],
[0,0,1,1]
			]
		},
		"solution":{
			"vector":[0.27272727272727270709,2.0909090909090908283,0,0.5454545454545455252],
			"value":-4.6818181818181816567
		}
	}
}
