{
	"qp":{
		"bounds":{
			"lower":[0,0,0,0,0,0,0,0,0,0,0,0],
			"upper":[10000,10005.555555555556566,10011.111111111111313,10016.666666666667879,10022.222222222220807,10027.777777777777374,10033.33333333333394,10038.888888888888687,10044.444444444445253,10049.999999999998181,10055.555555555554747,10061.111111111111313]
		},
		"constraints":{
			"lower":[126.09999999999999432,11,3,20,17,9,20],
			"upper":[126.09999999999999432,11,3,20,17,9,20],
			"matrix":[
[1,1,1,1,1,1,1,1,1,1,1,1],
[1.8000000000000000444,-1,0,0,0,0,0,0,0,0,0,0],
[0,0,2.2000000000000001776,-2,-1,-1,0,0,0,0,0,0],
[-1,-1,-1,-1,5.0999999999999996447,-2,-1,-1,-1,-1,-1,-1],
[-1,-1,0,0,0,0,2.2000000000000001776,-2,-1,-1,-1,-1],
[-1,-1,0,0,0,0,0,0,1.8000000000000000444,-1,0,0],
[-1,-1,-1,-1,-1,-1,-1,-1,-1,-1,7.4000000000000003553,-1]
			]
		},
		"objective":{
			"vector":[0,0,0,0,0,0,0,0,0,0,0,0],
			"positive_definite":false,
			"hessian":[
[4.5120100000000000762,0,0,0,0,0,0,0,0,0,0,0],
[0,0,0,0,0,0,0,0,0,0,0,0],
[0,0,2.5357500000000001705,0,0,0,0,0,0,0,0,0],
[0,0,0,0,0,0,0,0,0,0,0,0],
[0,0,0,0,1.3284499999999999087,0,0,0,0,0,0,0],
[0,0,0,0,0,0,0,0,0,0,0,0],
[0,0,0,0,0,0,3.2156500000000001194,0,0,0,0,0],
[0,0,0,0,0,0,0,0,0,0,0,0],
[0,0,0,0,0,0,0,0,4.5120100000000000762,0,0,0],
[0,0,0,0,0,0,0,0,0,0,0,0],
[0,0,0,0,0,0,0,0,0,0,1.0951999999999999513,0],
[0,0,0,0,0,0,0,0,0,0,0,0]
			]
		},
		"solution":{
			"vector":[6.1111111111111107164,1.2814645955460190413e-30,23.429418189834848363,-8.8120647691241534015e-32,27.414749298258691113,21.129970719377990207,22.226831810165140979,0,8.3950617283950617065,0,17.392857142857138797,9.8607613152626475676e-32],
			"value":2398.415891448894854
		}
	}
}
