{
	"qp":{
		"bounds":{
			"lower":[0,0],
			"upper":[20,10033.33333333333394]
		},
		"constraints":{
			"lower":[2,-10100],
			"upper":[10066.66666666666606,6],
			"matrix":[
[2,1],
[-1,2]
			]
		},
		"objective":{
			"vector":[1.5,-2],
			"positive_definite":true,
			"hessian":[
[8,2],
[2,10]
			]
		},
		"solution":{
			"vector":[0.76249999999999995559,0.4749999999999999778],
			"value":4.3718749999999992895
		}
	}
}
